position,time,goal,error
0.0,0.01,3.14159,3.14159
0.2751,0.02,3.14159,2.8664899999999998
0.546431147756419,0.03,3.14159,2.595158852243581
0.8178139285453132,0.04,3.14159,2.3237760714546867
1.089196001964995,0.05,3.14159,2.0523939980350048
1.3605780850755895,0.060000000000000005,3.14159,1.7810119149244104
1.631960168053419,0.07,3.14159,1.5096298319465808
1.9033422510330675,0.08,3.14159,1.2382477489669323
2.174724334012691,0.09,3.14159,0.9668656659873087
2.446106416992315,0.09999999999999999,3.14159,0.6954835830076851
2.717488499971939,0.10999999999999999,3.14159,0.424101500028061
2.988870582951563,0.11999999999999998,3.14159,0.15271941704843695
3.0754248973461404,0.12999999999999998,3.14159,0.06616510265385944
3.1190384466992347,0.13999999999999999,3.14159,0.022551553300765192
3.131121993313592,0.15,3.14159,0.010468006686407794
3.1383394891872745,0.16,3.14159,0.0032505108127254267
3.1398976396316964,0.17,3.14159,0.0016923603683034472
3.1411424227374063,0.18000000000000002,3.14159,0.0004475772625935903
3.141307504417414,0.19000000000000003,3.14159,0.0002824955825859732
3.1415340152781708,0.20000000000000004,3.14159,5.598472182910541e-05
3.141540707992053,0.21000000000000005,3.14159,4.9292007946899474e-05
3.141584589629866,0.22000000000000006,3.14159,5.41037013368495e-06
3.1415809018712983,0.23000000000000007,3.14159,9.098128701534591e-06
3.1415899717122935,0.24000000000000007,3.14159,2.828770639951017e-08
3.1415882099870456,0.25000000000000006,3.14159,1.7900129543058085e-06
3.1415901986648573,0.26000000000000006,3.14159,-1.9866485745367868e-07
3.1415896245209147,0.2700000000000001,3.14159,3.754790851573375e-07
3.1415900819989697,0.2800000000000001,3.14159,-8.199896983640542e-08
3.1415899166370194,0.2900000000000001,3.14159,8.336298051858648e-08
3.141590025673702,0.3000000000000001,3.14159,-2.5673702275241794e-08
3.141589980639794,0.3100000000000001,3.14159,1.9360205882890114e-08
3.1415900072692833,0.3200000000000001,3.14159,-7.269283397448589e-09
3.1415899953546798,0.3300000000000001,3.14159,4.645320128560115e-09
3.141590001962806,0.34000000000000014,3.14159,-1.96280591779896e-09
3.1415899988604514,0.35000000000000014,3.14159,1.1395484555976054e-09
3.1415900005168913,0.36000000000000015,3.14159,-5.168914185560425e-10
3.141589999716418,0.37000000000000016,3.14159,2.835820467339545e-10
3.141590000134236,0.38000000000000017,3.14159,-1.3423617772900798e-10
3.1415899999287897,0.3900000000000002,3.14159,7.121014888866739e-11
3.141590000034583,0.4000000000000002,3.14159,-3.4583003127863776e-11
3.1415899999820183,0.4100000000000002,3.14159,1.7981616196038885e-11
3.141590000008868,0.4200000000000002,3.14159,-8.8680174314959e-12
3.141589999995444,0.4300000000000002,3.14159,4.555911203851792e-12
3.1415900000022674,0.4400000000000002,3.14159,-2.2675195054944197e-12
3.141589999998843,0.45000000000000023,3.14159,1.1568523916594131e-12
3.141590000000579,0.46000000000000024,3.14159,-5.790923296444817e-13
3.141589999999706,0.47000000000000025,3.14159,2.9398705692074145e-13
3.1415900000001478,0.48000000000000026,3.14159,-1.4788170688007085e-13
3.1415899999999253,0.49000000000000027,3.14159,7.460698725481052e-14
3.1415900000000376,0.5000000000000002,3.14159,-3.774758283725532e-14
3.141589999999981,0.5100000000000002,3.14159,1.9095836023552692e-14
3.1415900000000097,0.5200000000000002,3.14159,-9.769962616701378e-15
3.141589999999995,0.5300000000000002,3.14159,4.884981308350689e-15
3.1415900000000025,0.5400000000000003,3.14159,-2.6645352591003757e-15
3.1415899999999986,0.5500000000000003,3.14159,1.3322676295501878e-15
3.1415900000000008,0.5600000000000003,3.14159,-8.881784197001252e-16
3.1415899999999994,0.5700000000000003,3.14159,4.440892098500626e-16
3.1415900000000003,0.5800000000000003,3.14159,-4.440892098500626e-16
3.14159,0.5900000000000003,3.14159,0.0
3.14159,0.6000000000000003,3.14159,0.0
3.14159,0.6100000000000003,3.14159,0.0
3.14159,0.6200000000000003,3.14159,0.0
3.14159,0.6300000000000003,3.14159,0.0
3.14159,0.6400000000000003,3.14159,0.0
3.14159,0.6500000000000004,3.14159,0.0
3.14159,0.6600000000000004,3.14159,0.0
3.14159,0.6700000000000004,3.14159,0.0
3.14159,0.6800000000000004,3.14159,0.0
3.14159,0.6900000000000004,3.14159,0.0
3.14159,0.7000000000000004,3.14159,0.0
3.14159,0.7100000000000004,3.14159,0.0
3.14159,0.7200000000000004,3.14159,0.0
3.14159,0.7300000000000004,3.14159,0.0
3.14159,0.7400000000000004,3.14159,0.0
3.14159,0.7500000000000004,3.14159,0.0
3.14159,0.7600000000000005,3.14159,0.0
3.14159,0.7700000000000005,3.14159,0.0
3.14159,0.7800000000000005,3.14159,0.0
3.14159,0.7900000000000005,3.14159,0.0
3.14159,0.8000000000000005,3.14159,0.0
3.14159,0.8100000000000005,3.14159,0.0
3.14159,0.8200000000000005,3.14159,0.0
3.14159,0.8300000000000005,3.14159,0.0
3.14159,0.8400000000000005,3.14159,0.0
3.14159,0.8500000000000005,3.14159,0.0
3.14159,0.8600000000000005,3.14159,0.0
3.14159,0.8700000000000006,3.14159,0.0
3.14159,0.8800000000000006,3.14159,0.0
3.14159,0.8900000000000006,3.14159,0.0
3.14159,0.9000000000000006,3.14159,0.0
3.14159,0.9100000000000006,3.14159,0.0
3.14159,0.9200000000000006,3.14159,0.0
3.14159,0.9300000000000006,3.14159,0.0
3.14159,0.9400000000000006,3.14159,0.0
3.14159,0.9500000000000006,3.14159,0.0
3.14159,0.9600000000000006,3.14159,0.0
3.14159,0.9700000000000006,3.14159,0.0
3.14159,0.9800000000000006,3.14159,0.0
3.14159,0.9900000000000007,3.14159,0.0
3.14159,1.0000000000000007,3.14159,0.0
3.14159,1.0100000000000007,3.14159,0.0
3.14159,1.0200000000000007,3.14159,0.0
3.14159,1.0300000000000007,3.14159,0.0
3.14159,1.0400000000000007,3.14159,0.0
3.14159,1.0500000000000007,3.14159,0.0
3.14159,1.0600000000000007,3.14159,0.0
3.14159,1.0700000000000007,3.14159,0.0
3.14159,1.0800000000000007,3.14159,0.0
3.14159,1.0900000000000007,3.14159,0.0
3.14159,1.1000000000000008,3.14159,0.0
3.14159,1.1100000000000008,3.14159,0.0
3.14159,1.1200000000000008,3.14159,0.0
3.14159,1.1300000000000008,3.14159,0.0
3.14159,1.1400000000000008,3.14159,0.0
3.14159,1.1500000000000008,3.14159,0.0
3.14159,1.1600000000000008,3.14159,0.0
3.14159,1.1700000000000008,3.14159,0.0
3.14159,1.1800000000000008,3.14159,0.0
3.14159,1.1900000000000008,3.14159,0.0
3.14159,1.2000000000000008,3.14159,0.0
3.14159,1.2100000000000009,3.14159,0.0
3.14159,1.2200000000000009,3.14159,0.0
3.14159,1.2300000000000009,3.14159,0.0
3.14159,1.2400000000000009,3.14159,0.0
3.14159,1.2500000000000009,3.14159,0.0
3.14159,1.260000000000001,3.14159,0.0
3.14159,1.270000000000001,3.14159,0.0
3.14159,1.280000000000001,3.14159,0.0
3.14159,1.290000000000001,3.14159,0.0
3.14159,1.300000000000001,3.14159,0.0
3.14159,1.310000000000001,3.14159,0.0
3.14159,1.320000000000001,3.14159,0.0
3.14159,1.330000000000001,3.14159,0.0
3.14159,1.340000000000001,3.14159,0.0
3.14159,1.350000000000001,3.14159,0.0
3.14159,1.360000000000001,3.14159,0.0
3.14159,1.370000000000001,3.14159,0.0
3.14159,1.380000000000001,3.14159,0.0
3.14159,1.390000000000001,3.14159,0.0
3.14159,1.400000000000001,3.14159,0.0
3.14159,1.410000000000001,3.14159,0.0
3.14159,1.420000000000001,3.14159,0.0
3.14159,1.430000000000001,3.14159,0.0
3.14159,1.440000000000001,3.14159,0.0
3.14159,1.450000000000001,3.14159,0.0
3.14159,1.460000000000001,3.14159,0.0
3.14159,1.470000000000001,3.14159,0.0
3.14159,1.480000000000001,3.14159,0.0
3.14159,1.490000000000001,3.14159,0.0
3.14159,1.500000000000001,3.14159,0.0
3.14159,1.5100000000000011,3.14159,0.0
3.14159,1.5200000000000011,3.14159,0.0
3.14159,1.5300000000000011,3.14159,0.0
3.14159,1.5400000000000011,3.14159,0.0
3.14159,1.5500000000000012,3.14159,0.0
3.14159,1.5600000000000012,3.14159,0.0
3.14159,1.5700000000000012,3.14159,0.0
3.14159,1.5800000000000012,3.14159,0.0
3.14159,1.5900000000000012,3.14159,0.0
3.14159,1.6000000000000012,3.14159,0.0
3.14159,1.6100000000000012,3.14159,0.0
3.14159,1.6200000000000012,3.14159,0.0
3.14159,1.6300000000000012,3.14159,0.0
3.14159,1.6400000000000012,3.14159,0.0
3.14159,1.6500000000000012,3.14159,0.0
3.14159,1.6600000000000013,3.14159,0.0
3.14159,1.6700000000000013,3.14159,0.0
3.14159,1.6800000000000013,3.14159,0.0
3.14159,1.6900000000000013,3.14159,0.0
3.14159,1.7000000000000013,3.14159,0.0
3.14159,1.7100000000000013,3.14159,0.0
3.14159,1.7200000000000013,3.14159,0.0
3.14159,1.7300000000000013,3.14159,0.0
3.14159,1.7400000000000013,3.14159,0.0
3.14159,1.7500000000000013,3.14159,0.0
3.14159,1.7600000000000013,3.14159,0.0
3.14159,1.7700000000000014,3.14159,0.0
3.14159,1.7800000000000014,3.14159,0.0
3.14159,1.7900000000000014,3.14159,0.0
3.14159,1.8000000000000014,3.14159,0.0
3.14159,1.8100000000000014,3.14159,0.0
3.14159,1.8200000000000014,3.14159,0.0
3.14159,1.8300000000000014,3.14159,0.0
3.14159,1.8400000000000014,3.14159,0.0
3.14159,1.8500000000000014,3.14159,0.0
3.14159,1.8600000000000014,3.14159,0.0
3.14159,1.8700000000000014,3.14159,0.0
3.14159,1.8800000000000014,3.14159,0.0
3.14159,1.8900000000000015,3.14159,0.0
3.14159,1.9000000000000015,3.14159,0.0
3.14159,1.9100000000000015,3.14159,0.0
3.14159,1.9200000000000015,3.14159,0.0
3.14159,1.9300000000000015,3.14159,0.0
3.14159,1.9400000000000015,3.14159,0.0
3.14159,1.9500000000000015,3.14159,0.0
3.14159,1.9600000000000015,3.14159,0.0
3.14159,1.9700000000000015,3.14159,0.0
3.14159,1.9800000000000015,3.14159,0.0
3.14159,1.9900000000000015,3.14159,0.0
3.14159,2.0000000000000013,3.14159,0.0
3.14159,2.010000000000001,3.14159,0.0
3.14159,2.020000000000001,3.14159,0.0
3.14159,2.0300000000000007,3.14159,0.0
3.14159,2.0400000000000005,3.14159,0.0
3.14159,2.0500000000000003,3.14159,0.0
3.14159,2.06,3.14159,0.0
3.14159,2.07,3.14159,0.0
3.14159,2.0799999999999996,3.14159,0.0
3.14159,2.0899999999999994,3.14159,0.0
3.14159,2.099999999999999,3.14159,0.0
3.14159,2.109999999999999,3.14159,0.0
3.14159,2.1199999999999988,3.14159,0.0
3.14159,2.1299999999999986,3.14159,0.0
3.14159,2.1399999999999983,3.14159,0.0
3.14159,2.149999999999998,3.14159,0.0
3.14159,2.159999999999998,3.14159,0.0
3.14159,2.1699999999999977,3.14159,0.0
3.14159,2.1799999999999975,3.14159,0.0
3.14159,2.1899999999999973,3.14159,0.0
3.14159,2.199999999999997,3.14159,0.0
3.14159,2.209999999999997,3.14159,0.0
3.14159,2.2199999999999966,3.14159,0.0
3.14159,2.2299999999999964,3.14159,0.0
3.14159,2.239999999999996,3.14159,0.0
3.14159,2.249999999999996,3.14159,0.0
3.14159,2.259999999999996,3.14159,0.0
3.14159,2.2699999999999956,3.14159,0.0
3.14159,2.2799999999999954,3.14159,0.0
3.14159,2.289999999999995,3.14159,0.0
3.14159,2.299999999999995,3.14159,0.0
3.14159,2.3099999999999947,3.14159,0.0
3.14159,2.3199999999999945,3.14159,0.0
3.14159,2.3299999999999943,3.14159,0.0
3.14159,2.339999999999994,3.14159,0.0
3.14159,2.349999999999994,3.14159,0.0
3.14159,2.3599999999999937,3.14159,0.0
3.14159,2.3699999999999934,3.14159,0.0
3.14159,2.3799999999999932,3.14159,0.0
3.14159,2.389999999999993,3.14159,0.0
3.14159,2.399999999999993,3.14159,0.0
3.14159,2.4099999999999926,3.14159,0.0
3.14159,2.4199999999999924,3.14159,0.0
3.14159,2.429999999999992,3.14159,0.0
3.14159,2.439999999999992,3.14159,0.0
3.14159,2.4499999999999917,3.14159,0.0
3.14159,2.4599999999999915,3.14159,0.0
3.14159,2.4699999999999913,3.14159,0.0
3.14159,2.479999999999991,3.14159,0.0
3.14159,2.489999999999991,3.14159,0.0
3.14159,2.4999999999999907,3.14159,0.0
3.14159,2.5099999999999905,3.14159,0.0
3.14159,2.5199999999999902,3.14159,0.0
3.14159,2.52999999999999,3.14159,0.0
3.14159,2.53999999999999,3.14159,0.0
3.14159,2.5499999999999896,3.14159,0.0
3.14159,2.5599999999999894,3.14159,0.0
3.14159,2.569999999999989,3.14159,0.0
3.14159,2.579999999999989,3.14159,0.0
3.14159,2.5899999999999888,3.14159,0.0
3.14159,2.5999999999999885,3.14159,0.0
3.14159,2.6099999999999883,3.14159,0.0
3.14159,2.619999999999988,3.14159,0.0
3.14159,2.629999999999988,3.14159,0.0
3.14159,2.6399999999999877,3.14159,0.0
3.14159,2.6499999999999875,3.14159,0.0
3.14159,2.6599999999999873,3.14159,0.0
3.14159,2.669999999999987,3.14159,0.0
3.14159,2.679999999999987,3.14159,0.0
3.14159,2.6899999999999866,3.14159,0.0
3.14159,2.6999999999999864,3.14159,0.0
3.14159,2.709999999999986,3.14159,0.0
3.14159,2.719999999999986,3.14159,0.0
3.14159,2.7299999999999858,3.14159,0.0
3.14159,2.7399999999999856,3.14159,0.0
3.14159,2.7499999999999853,3.14159,0.0
3.14159,2.759999999999985,3.14159,0.0
3.14159,2.769999999999985,3.14159,0.0
3.14159,2.7799999999999847,3.14159,0.0
3.14159,2.7899999999999845,3.14159,0.0
3.14159,2.7999999999999843,3.14159,0.0
3.14159,2.809999999999984,3.14159,0.0
3.14159,2.819999999999984,3.14159,0.0
3.14159,2.8299999999999836,3.14159,0.0
3.14159,2.8399999999999834,3.14159,0.0
3.14159,2.849999999999983,3.14159,0.0
3.14159,2.859999999999983,3.14159,0.0
3.14159,2.869999999999983,3.14159,0.0
3.14159,2.8799999999999826,3.14159,0.0
3.14159,2.8899999999999824,3.14159,0.0
3.14159,2.899999999999982,3.14159,0.0
3.14159,2.909999999999982,3.14159,0.0
3.14159,2.9199999999999817,3.14159,0.0
3.14159,2.9299999999999815,3.14159,0.0
3.14159,2.9399999999999813,3.14159,0.0
3.14159,2.949999999999981,3.14159,0.0
3.14159,2.959999999999981,3.14159,0.0
3.14159,2.9699999999999807,3.14159,0.0
3.14159,2.9799999999999804,3.14159,0.0
3.14159,2.9899999999999802,3.14159,0.0
3.14159,2.99999999999998,3.14159,0.0
3.14159,3.00999999999998,3.14159,0.0
3.14159,3.0199999999999796,3.14159,0.0
3.14159,3.0299999999999794,3.14159,0.0
3.14159,3.039999999999979,3.14159,0.0
3.14159,3.049999999999979,3.14159,0.0
3.14159,3.0599999999999787,3.14159,0.0
3.14159,3.0699999999999785,3.14159,0.0
3.14159,3.0799999999999783,3.14159,0.0
3.14159,3.089999999999978,3.14159,0.0
3.14159,3.099999999999978,3.14159,0.0
3.14159,3.1099999999999777,3.14159,0.0
3.14159,3.1199999999999775,3.14159,0.0
3.14159,3.1299999999999772,3.14159,0.0
3.14159,3.139999999999977,3.14159,0.0
3.14159,3.149999999999977,3.14159,0.0
3.14159,3.1599999999999766,3.14159,0.0
3.14159,3.1699999999999764,3.14159,0.0
3.14159,3.179999999999976,3.14159,0.0
3.14159,3.189999999999976,3.14159,0.0
3.14159,3.1999999999999758,3.14159,0.0
3.14159,3.2099999999999755,3.14159,0.0
3.14159,3.2199999999999753,3.14159,0.0
3.14159,3.229999999999975,3.14159,0.0
3.14159,3.239999999999975,3.14159,0.0
3.14159,3.2499999999999747,3.14159,0.0
3.14159,3.2599999999999745,3.14159,0.0
3.14159,3.2699999999999743,3.14159,0.0
3.14159,3.279999999999974,3.14159,0.0
3.14159,3.289999999999974,3.14159,0.0
3.14159,3.2999999999999736,3.14159,0.0
3.14159,3.3099999999999734,3.14159,0.0
3.14159,3.319999999999973,3.14159,0.0
3.14159,3.329999999999973,3.14159,0.0
3.14159,3.3399999999999728,3.14159,0.0
3.14159,3.3499999999999726,3.14159,0.0
3.14159,3.3599999999999723,3.14159,0.0
3.14159,3.369999999999972,3.14159,0.0
3.14159,3.379999999999972,3.14159,0.0
3.14159,3.3899999999999717,3.14159,0.0
3.14159,3.3999999999999715,3.14159,0.0
3.14159,3.4099999999999713,3.14159,0.0
3.14159,3.419999999999971,3.14159,0.0
3.14159,3.429999999999971,3.14159,0.0
3.14159,3.4399999999999706,3.14159,0.0
3.14159,3.4499999999999704,3.14159,0.0
3.14159,3.45999999999997,3.14159,0.0
3.14159,3.46999999999997,3.14159,0.0
3.14159,3.47999999999997,3.14159,0.0
3.14159,3.4899999999999696,3.14159,0.0
3.14159,3.4999999999999694,3.14159,0.0
3.14159,3.509999999999969,3.14159,0.0
3.14159,3.519999999999969,3.14159,0.0
3.14159,3.5299999999999687,3.14159,0.0
3.14159,3.5399999999999685,3.14159,0.0
3.14159,3.5499999999999683,3.14159,0.0
3.14159,3.559999999999968,3.14159,0.0
3.14159,3.569999999999968,3.14159,0.0
3.14159,3.5799999999999677,3.14159,0.0
3.14159,3.5899999999999674,3.14159,0.0
3.14159,3.5999999999999672,3.14159,0.0
3.14159,3.609999999999967,3.14159,0.0
3.14159,3.619999999999967,3.14159,0.0
3.14159,3.6299999999999666,3.14159,0.0
3.14159,3.6399999999999664,3.14159,0.0
3.14159,3.649999999999966,3.14159,0.0
3.14159,3.659999999999966,3.14159,0.0
3.14159,3.6699999999999657,3.14159,0.0
3.14159,3.6799999999999655,3.14159,0.0
3.14159,3.6899999999999653,3.14159,0.0
3.14159,3.699999999999965,3.14159,0.0
3.14159,3.709999999999965,3.14159,0.0
3.14159,3.7199999999999647,3.14159,0.0
3.14159,3.7299999999999645,3.14159,0.0
3.14159,3.7399999999999642,3.14159,0.0
3.14159,3.749999999999964,3.14159,0.0
3.14159,3.759999999999964,3.14159,0.0
3.14159,3.7699999999999636,3.14159,0.0
3.14159,3.7799999999999634,3.14159,0.0
3.14159,3.789999999999963,3.14159,0.0
3.14159,3.799999999999963,3.14159,0.0
3.14159,3.8099999999999627,3.14159,0.0
3.14159,3.8199999999999625,3.14159,0.0
3.14159,3.8299999999999623,3.14159,0.0
3.14159,3.839999999999962,3.14159,0.0
3.14159,3.849999999999962,3.14159,0.0
3.14159,3.8599999999999617,3.14159,0.0
3.14159,3.8699999999999615,3.14159,0.0
3.14159,3.8799999999999613,3.14159,0.0
3.14159,3.889999999999961,3.14159,0.0
3.14159,3.899999999999961,3.14159,0.0
3.14159,3.9099999999999606,3.14159,0.0
3.14159,3.9199999999999604,3.14159,0.0
3.14159,3.92999999999996,3.14159,0.0
3.14159,3.93999999999996,3.14159,0.0
3.14159,3.9499999999999598,3.14159,0.0
3.14159,3.9599999999999596,3.14159,0.0
3.14159,3.9699999999999593,3.14159,0.0
3.14159,3.979999999999959,3.14159,0.0
3.14159,3.989999999999959,3.14159,0.0
3.14159,3.9999999999999587,3.14159,0.0
3.14159,4.009999999999959,3.14159,0.0
3.14159,4.019999999999959,3.14159,0.0
3.14159,4.0299999999999585,3.14159,0.0
3.14159,4.039999999999958,3.14159,0.0
3.14159,4.049999999999958,3.14159,0.0
3.14159,4.059999999999958,3.14159,0.0
3.14159,4.069999999999958,3.14159,0.0
3.14159,4.079999999999957,3.14159,0.0
3.14159,4.089999999999957,3.14159,0.0
3.14159,4.099999999999957,3.14159,0.0
3.14159,4.109999999999957,3.14159,0.0
3.14159,4.119999999999957,3.14159,0.0
3.14159,4.129999999999956,3.14159,0.0
3.14159,4.139999999999956,3.14159,0.0
3.14159,4.149999999999956,3.14159,0.0
3.14159,4.159999999999956,3.14159,0.0
3.14159,4.1699999999999555,3.14159,0.0
3.14159,4.179999999999955,3.14159,0.0
3.14159,4.189999999999955,3.14159,0.0
3.14159,4.199999999999955,3.14159,0.0
3.14159,4.209999999999955,3.14159,0.0
3.14159,4.2199999999999545,3.14159,0.0
3.14159,4.229999999999954,3.14159,0.0
3.14159,4.239999999999954,3.14159,0.0
3.14159,4.249999999999954,3.14159,0.0
3.14159,4.259999999999954,3.14159,0.0
3.14159,4.269999999999953,3.14159,0.0
3.14159,4.279999999999953,3.14159,0.0
3.14159,4.289999999999953,3.14159,0.0
3.14159,4.299999999999953,3.14159,0.0
3.14159,4.3099999999999525,3.14159,0.0
3.14159,4.319999999999952,3.14159,0.0
3.14159,4.329999999999952,3.14159,0.0
3.14159,4.339999999999952,3.14159,0.0
3.14159,4.349999999999952,3.14159,0.0
3.14159,4.3599999999999515,3.14159,0.0
3.14159,4.369999999999951,3.14159,0.0
3.14159,4.379999999999951,3.14159,0.0
3.14159,4.389999999999951,3.14159,0.0
3.14159,4.399999999999951,3.14159,0.0
3.14159,4.40999999999995,3.14159,0.0
3.14159,4.41999999999995,3.14159,0.0
3.14159,4.42999999999995,3.14159,0.0
3.14159,4.43999999999995,3.14159,0.0
3.14159,4.4499999999999496,3.14159,0.0
3.14159,4.459999999999949,3.14159,0.0
3.14159,4.469999999999949,3.14159,0.0
3.14159,4.479999999999949,3.14159,0.0
3.14159,4.489999999999949,3.14159,0.0
3.14159,4.4999999999999485,3.14159,0.0
3.14159,4.509999999999948,3.14159,0.0
3.14159,4.519999999999948,3.14159,0.0
3.14159,4.529999999999948,3.14159,0.0
3.14159,4.539999999999948,3.14159,0.0
3.14159,4.549999999999947,3.14159,0.0
3.14159,4.559999999999947,3.14159,0.0
3.14159,4.569999999999947,3.14159,0.0
3.14159,4.579999999999947,3.14159,0.0
3.14159,4.589999999999947,3.14159,0.0
3.14159,4.599999999999946,3.14159,0.0
3.14159,4.609999999999946,3.14159,0.0
3.14159,4.619999999999946,3.14159,0.0
3.14159,4.629999999999946,3.14159,0.0
3.14159,4.6399999999999455,3.14159,0.0
3.14159,4.649999999999945,3.14159,0.0
3.14159,4.659999999999945,3.14159,0.0
3.14159,4.669999999999945,3.14159,0.0
3.14159,4.679999999999945,3.14159,0.0
3.14159,4.689999999999944,3.14159,0.0
3.14159,4.699999999999944,3.14159,0.0
3.14159,4.709999999999944,3.14159,0.0
3.14159,4.719999999999944,3.14159,0.0
3.14159,4.729999999999944,3.14159,0.0
3.14159,4.739999999999943,3.14159,0.0
3.14159,4.749999999999943,3.14159,0.0
3.14159,4.759999999999943,3.14159,0.0
3.14159,4.769999999999943,3.14159,0.0
3.14159,4.7799999999999425,3.14159,0.0
3.14159,4.789999999999942,3.14159,0.0
3.14159,4.799999999999942,3.14159,0.0
3.14159,4.809999999999942,3.14159,0.0
3.14159,4.819999999999942,3.14159,0.0
3.14159,4.8299999999999415,3.14159,0.0
3.14159,4.839999999999941,3.14159,0.0
3.14159,4.849999999999941,3.14159,0.0
3.14159,4.859999999999941,3.14159,0.0
3.14159,4.869999999999941,3.14159,0.0
3.14159,4.87999999999994,3.14159,0.0
3.14159,4.88999999999994,3.14159,0.0
3.14159,4.89999999999994,3.14159,0.0
3.14159,4.90999999999994,3.14159,0.0
3.14159,4.9199999999999395,3.14159,0.0
3.14159,4.929999999999939,3.14159,0.0
3.14159,4.939999999999939,3.14159,0.0
3.14159,4.949999999999939,3.14159,0.0
3.14159,4.959999999999939,3.14159,0.0
3.14159,4.9699999999999385,3.14159,0.0
3.14159,4.979999999999938,3.14159,0.0
3.14159,4.989999999999938,3.14159,0.0
3.14159,4.999999999999938,3.14159,0.0
3.14159,5.009999999999938,3.14159,0.0
3.14159,5.019999999999937,3.14159,0.0
3.14159,5.029999999999937,3.14159,0.0
3.14159,5.039999999999937,3.14159,0.0
3.14159,5.049999999999937,3.14159,0.0
3.14159,5.0599999999999365,3.14159,0.0
3.14159,5.069999999999936,3.14159,0.0
3.14159,5.079999999999936,3.14159,0.0
3.14159,5.089999999999936,3.14159,0.0
3.14159,5.099999999999936,3.14159,0.0
3.14159,5.1099999999999355,3.14159,0.0
3.14159,5.119999999999935,3.14159,0.0
3.14159,5.129999999999935,3.14159,0.0
3.14159,5.139999999999935,3.14159,0.0
3.14159,5.149999999999935,3.14159,0.0
3.14159,5.159999999999934,3.14159,0.0
3.14159,5.169999999999934,3.14159,0.0
3.14159,5.179999999999934,3.14159,0.0
3.14159,5.189999999999934,3.14159,0.0
3.14159,5.199999999999934,3.14159,0.0
3.14159,5.209999999999933,3.14159,0.0
3.14159,5.219999999999933,3.14159,0.0
3.14159,5.229999999999933,3.14159,0.0
3.14159,5.239999999999933,3.14159,0.0
3.14159,5.2499999999999325,3.14159,0.0
3.14159,5.259999999999932,3.14159,0.0
3.14159,5.269999999999932,3.14159,0.0
3.14159,5.279999999999932,3.14159,0.0
3.14159,5.289999999999932,3.14159,0.0
3.14159,5.299999999999931,3.14159,0.0
3.14159,5.309999999999931,3.14159,0.0
3.14159,5.319999999999931,3.14159,0.0
3.14159,5.329999999999931,3.14159,0.0
3.14159,5.339999999999931,3.14159,0.0
3.14159,5.34999999999993,3.14159,0.0
3.14159,5.35999999999993,3.14159,0.0
3.14159,5.36999999999993,3.14159,0.0
3.14159,5.37999999999993,3.14159,0.0
3.14159,5.3899999999999295,3.14159,0.0
3.14159,5.399999999999929,3.14159,0.0
3.14159,5.409999999999929,3.14159,0.0
3.14159,5.419999999999929,3.14159,0.0
3.14159,5.429999999999929,3.14159,0.0
3.14159,5.4399999999999284,3.14159,0.0
3.14159,5.449999999999928,3.14159,0.0
3.14159,5.459999999999928,3.14159,0.0
3.14159,5.469999999999928,3.14159,0.0
3.14159,5.479999999999928,3.14159,0.0
3.14159,5.489999999999927,3.14159,0.0
3.14159,5.499999999999927,3.14159,0.0
3.14159,5.509999999999927,3.14159,0.0
3.14159,5.519999999999927,3.14159,0.0
3.14159,5.5299999999999265,3.14159,0.0
3.14159,5.539999999999926,3.14159,0.0
3.14159,5.549999999999926,3.14159,0.0
3.14159,5.559999999999926,3.14159,0.0
3.14159,5.569999999999926,3.14159,0.0
3.14159,5.5799999999999255,3.14159,0.0
3.14159,5.589999999999925,3.14159,0.0
3.14159,5.599999999999925,3.14159,0.0
3.14159,5.609999999999925,3.14159,0.0
3.14159,5.619999999999925,3.14159,0.0
3.14159,5.629999999999924,3.14159,0.0
3.14159,5.639999999999924,3.14159,0.0
3.14159,5.649999999999924,3.14159,0.0
3.14159,5.659999999999924,3.14159,0.0
3.14159,5.6699999999999235,3.14159,0.0
3.14159,5.679999999999923,3.14159,0.0
3.14159,5.689999999999923,3.14159,0.0
3.14159,5.699999999999923,3.14159,0.0
3.14159,5.709999999999923,3.14159,0.0
3.14159,5.7199999999999225,3.14159,0.0
3.14159,5.729999999999922,3.14159,0.0
3.14159,5.739999999999922,3.14159,0.0
3.14159,5.749999999999922,3.14159,0.0
3.14159,5.759999999999922,3.14159,0.0
3.14159,5.769999999999921,3.14159,0.0
3.14159,5.779999999999921,3.14159,0.0
3.14159,5.789999999999921,3.14159,0.0
3.14159,5.799999999999921,3.14159,0.0
3.14159,5.809999999999921,3.14159,0.0
3.14159,5.81999999999992,3.14159,0.0
3.14159,5.82999999999992,3.14159,0.0
3.14159,5.83999999999992,3.14159,0.0
3.14159,5.84999999999992,3.14159,0.0
3.14159,5.8599999999999195,3.14159,0.0
3.14159,5.869999999999919,3.14159,0.0
3.14159,5.879999999999919,3.14159,0.0
3.14159,5.889999999999919,3.14159,0.0
3.14159,5.899999999999919,3.14159,0.0
3.14159,5.909999999999918,3.14159,0.0
3.14159,5.919999999999918,3.14159,0.0
3.14159,5.929999999999918,3.14159,0.0
3.14159,5.939999999999918,3.14159,0.0
3.14159,5.949999999999918,3.14159,0.0
3.14159,5.959999999999917,3.14159,0.0
3.14159,5.969999999999917,3.14159,0.0
3.14159,5.979999999999917,3.14159,0.0
3.14159,5.989999999999917,3.14159,0.0
3.14159,5.9999999999999165,3.14159,0.0
3.14159,6.009999999999916,3.14159,0.0
3.14159,6.019999999999916,3.14159,0.0
3.14159,6.029999999999916,3.14159,0.0
3.14159,6.039999999999916,3.14159,0.0
3.14159,6.0499999999999154,3.14159,0.0
3.14159,6.059999999999915,3.14159,0.0
3.14159,6.069999999999915,3.14159,0.0
3.14159,6.079999999999915,3.14159,0.0
3.14159,6.089999999999915,3.14159,0.0
3.14159,6.099999999999914,3.14159,0.0
3.14159,6.109999999999914,3.14159,0.0
3.14159,6.119999999999914,3.14159,0.0
3.14159,6.129999999999914,3.14159,0.0
3.14159,6.1399999999999135,3.14159,0.0
3.14159,6.149999999999913,3.14159,0.0
3.14159,6.159999999999913,3.14159,0.0
3.14159,6.169999999999913,3.14159,0.0
3.14159,6.179999999999913,3.14159,0.0
3.14159,6.1899999999999125,3.14159,0.0
3.14159,6.199999999999912,3.14159,0.0
3.14159,6.209999999999912,3.14159,0.0
3.14159,6.219999999999912,3.14159,0.0
3.14159,6.229999999999912,3.14159,0.0
3.14159,6.239999999999911,3.14159,0.0
3.14159,6.249999999999911,3.14159,0.0
3.14159,6.259999999999911,3.14159,0.0
3.14159,6.269999999999911,3.14159,0.0
3.14159,6.2799999999999105,3.14159,0.0
3.14159,6.28999999999991,3.14159,0.0
3.14159,6.29999999999991,3.14159,0.0
3.14159,6.30999999999991,3.14159,0.0
3.14159,6.31999999999991,3.14159,0.0
3.14159,6.3299999999999095,3.14159,0.0
3.14159,6.339999999999909,3.14159,0.0
3.14159,6.349999999999909,3.14159,0.0
3.14159,6.359999999999909,3.14159,0.0
3.14159,6.369999999999909,3.14159,0.0
3.14159,6.379999999999908,3.14159,0.0
3.14159,6.389999999999908,3.14159,0.0
3.14159,6.399999999999908,3.14159,0.0
3.14159,6.409999999999908,3.14159,0.0
3.14159,6.419999999999908,3.14159,0.0
3.14159,6.429999999999907,3.14159,0.0
3.14159,6.439999999999907,3.14159,0.0
3.14159,6.449999999999907,3.14159,0.0
3.14159,6.459999999999907,3.14159,0.0
3.14159,6.4699999999999065,3.14159,0.0
3.14159,6.479999999999906,3.14159,0.0
3.14159,6.489999999999906,3.14159,0.0
3.14159,6.499999999999906,3.14159,0.0
3.14159,6.509999999999906,3.14159,0.0
3.14159,6.519999999999905,3.14159,0.0
3.14159,6.529999999999905,3.14159,0.0
3.14159,6.539999999999905,3.14159,0.0
3.14159,6.549999999999905,3.14159,0.0
3.14159,6.559999999999905,3.14159,0.0
3.14159,6.569999999999904,3.14159,0.0
3.14159,6.579999999999904,3.14159,0.0
3.14159,6.589999999999904,3.14159,0.0
3.14159,6.599999999999904,3.14159,0.0
3.14159,6.6099999999999035,3.14159,0.0
3.14159,6.619999999999903,3.14159,0.0
3.14159,6.629999999999903,3.14159,0.0
3.14159,6.639999999999903,3.14159,0.0
3.14159,6.649999999999903,3.14159,0.0
3.14159,6.659999999999902,3.14159,0.0
3.14159,6.669999999999902,3.14159,0.0
3.14159,6.679999999999902,3.14159,0.0
3.14159,6.689999999999902,3.14159,0.0
3.14159,6.699999999999902,3.14159,0.0
3.14159,6.709999999999901,3.14159,0.0
3.14159,6.719999999999901,3.14159,0.0
3.14159,6.729999999999901,3.14159,0.0
3.14159,6.739999999999901,3.14159,0.0
3.14159,6.7499999999999005,3.14159,0.0
3.14159,6.7599999999999,3.14159,0.0
3.14159,6.7699999999999,3.14159,0.0
3.14159,6.7799999999999,3.14159,0.0
3.14159,6.7899999999999,3.14159,0.0
3.14159,6.7999999999998995,3.14159,0.0
3.14159,6.809999999999899,3.14159,0.0
3.14159,6.819999999999899,3.14159,0.0
3.14159,6.829999999999899,3.14159,0.0
3.14159,6.839999999999899,3.14159,0.0
3.14159,6.849999999999898,3.14159,0.0
3.14159,6.859999999999898,3.14159,0.0
3.14159,6.869999999999898,3.14159,0.0
3.14159,6.879999999999898,3.14159,0.0
3.14159,6.8899999999998975,3.14159,0.0
3.14159,6.899999999999897,3.14159,0.0
3.14159,6.909999999999897,3.14159,0.0
3.14159,6.919999999999897,3.14159,0.0
3.14159,6.929999999999897,3.14159,0.0
3.14159,6.9399999999998965,3.14159,0.0
3.14159,6.949999999999896,3.14159,0.0
3.14159,6.959999999999896,3.14159,0.0
3.14159,6.969999999999896,3.14159,0.0
3.14159,6.979999999999896,3.14159,0.0
3.14159,6.989999999999895,3.14159,0.0
3.14159,6.999999999999895,3.14159,0.0
3.14159,7.009999999999895,3.14159,0.0
3.14159,7.019999999999895,3.14159,0.0
3.14159,7.0299999999998946,3.14159,0.0
3.14159,7.039999999999894,3.14159,0.0
3.14159,7.049999999999894,3.14159,0.0
3.14159,7.059999999999894,3.14159,0.0
3.14159,7.069999999999894,3.14159,0.0
3.14159,7.0799999999998935,3.14159,0.0
3.14159,7.089999999999893,3.14159,0.0
3.14159,7.099999999999893,3.14159,0.0
3.14159,7.109999999999893,3.14159,0.0
3.14159,7.119999999999893,3.14159,0.0
3.14159,7.129999999999892,3.14159,0.0
3.14159,7.139999999999892,3.14159,0.0
3.14159,7.149999999999892,3.14159,0.0
3.14159,7.159999999999892,3.14159,0.0
3.14159,7.169999999999892,3.14159,0.0
3.14159,7.179999999999891,3.14159,0.0
3.14159,7.189999999999891,3.14159,0.0
3.14159,7.199999999999891,3.14159,0.0
3.14159,7.209999999999891,3.14159,0.0
3.14159,7.2199999999998905,3.14159,0.0
3.14159,7.22999999999989,3.14159,0.0
3.14159,7.23999999999989,3.14159,0.0
3.14159,7.24999999999989,3.14159,0.0
3.14159,7.25999999999989,3.14159,0.0
3.14159,7.269999999999889,3.14159,0.0
3.14159,7.279999999999889,3.14159,0.0
3.14159,7.289999999999889,3.14159,0.0
3.14159,7.299999999999889,3.14159,0.0
3.14159,7.309999999999889,3.14159,0.0
3.14159,7.319999999999888,3.14159,0.0
3.14159,7.329999999999888,3.14159,0.0
3.14159,7.339999999999888,3.14159,0.0
3.14159,7.349999999999888,3.14159,0.0
3.14159,7.3599999999998875,3.14159,0.0
3.14159,7.369999999999887,3.14159,0.0
3.14159,7.379999999999887,3.14159,0.0
3.14159,7.389999999999887,3.14159,0.0
3.14159,7.399999999999887,3.14159,0.0
3.14159,7.4099999999998865,3.14159,0.0
3.14159,7.419999999999886,3.14159,0.0
3.14159,7.429999999999886,3.14159,0.0
3.14159,7.439999999999886,3.14159,0.0
3.14159,7.449999999999886,3.14159,0.0
3.14159,7.459999999999885,3.14159,0.0
3.14159,7.469999999999885,3.14159,0.0
3.14159,7.479999999999885,3.14159,0.0
3.14159,7.489999999999885,3.14159,0.0
3.14159,7.4999999999998845,3.14159,0.0
3.14159,7.509999999999884,3.14159,0.0
3.14159,7.519999999999884,3.14159,0.0
3.14159,7.529999999999884,3.14159,0.0
3.14159,7.539999999999884,3.14159,0.0
3.14159,7.5499999999998835,3.14159,0.0
3.14159,7.559999999999883,3.14159,0.0
3.14159,7.569999999999883,3.14159,0.0
3.14159,7.579999999999883,3.14159,0.0
3.14159,7.589999999999883,3.14159,0.0
3.14159,7.599999999999882,3.14159,0.0
3.14159,7.609999999999882,3.14159,0.0
3.14159,7.619999999999882,3.14159,0.0
3.14159,7.629999999999882,3.14159,0.0
3.14159,7.6399999999998816,3.14159,0.0
3.14159,7.649999999999881,3.14159,0.0
3.14159,7.659999999999881,3.14159,0.0
3.14159,7.669999999999881,3.14159,0.0
3.14159,7.679999999999881,3.14159,0.0
3.14159,7.6899999999998805,3.14159,0.0
3.14159,7.69999999999988,3.14159,0.0
3.14159,7.70999999999988,3.14159,0.0
3.14159,7.71999999999988,3.14159,0.0
3.14159,7.72999999999988,3.14159,0.0
3.14159,7.739999999999879,3.14159,0.0
3.14159,7.749999999999879,3.14159,0.0
3.14159,7.759999999999879,3.14159,0.0
3.14159,7.769999999999879,3.14159,0.0
3.14159,7.779999999999879,3.14159,0.0
3.14159,7.789999999999878,3.14159,0.0
3.14159,7.799999999999878,3.14159,0.0
3.14159,7.809999999999878,3.14159,0.0
3.14159,7.819999999999878,3.14159,0.0
3.14159,7.8299999999998775,3.14159,0.0
3.14159,7.839999999999877,3.14159,0.0
3.14159,7.849999999999877,3.14159,0.0
3.14159,7.859999999999877,3.14159,0.0
3.14159,7.869999999999877,3.14159,0.0
3.14159,7.879999999999876,3.14159,0.0
3.14159,7.889999999999876,3.14159,0.0
3.14159,7.899999999999876,3.14159,0.0
3.14159,7.909999999999876,3.14159,0.0
3.14159,7.919999999999876,3.14159,0.0
3.14159,7.929999999999875,3.14159,0.0
3.14159,7.939999999999875,3.14159,0.0
3.14159,7.949999999999875,3.14159,0.0
3.14159,7.959999999999875,3.14159,0.0
3.14159,7.9699999999998745,3.14159,0.0
3.14159,7.979999999999874,3.14159,0.0
3.14159,7.989999999999874,3.14159,0.0
3.14159,7.999999999999874,3.14159,0.0
3.14159,8.009999999999874,3.14159,0.0
3.14159,8.019999999999873,3.14159,0.0
3.14159,8.029999999999873,3.14159,0.0
3.14159,8.039999999999873,3.14159,0.0
3.14159,8.049999999999873,3.14159,0.0
3.14159,8.059999999999873,3.14159,0.0
3.14159,8.069999999999872,3.14159,0.0
3.14159,8.079999999999872,3.14159,0.0
3.14159,8.089999999999872,3.14159,0.0
3.14159,8.099999999999872,3.14159,0.0
3.14159,8.109999999999872,3.14159,0.0
3.14159,8.119999999999871,3.14159,0.0
3.14159,8.129999999999871,3.14159,0.0
3.14159,8.139999999999871,3.14159,0.0
3.14159,8.14999999999987,3.14159,0.0
3.14159,8.15999999999987,3.14159,0.0
3.14159,8.16999999999987,3.14159,0.0
3.14159,8.17999999999987,3.14159,0.0
3.14159,8.18999999999987,3.14159,0.0
3.14159,8.19999999999987,3.14159,0.0
3.14159,8.20999999999987,3.14159,0.0
3.14159,8.21999999999987,3.14159,0.0
3.14159,8.229999999999869,3.14159,0.0
3.14159,8.239999999999869,3.14159,0.0
3.14159,8.249999999999869,3.14159,0.0
3.14159,8.259999999999868,3.14159,0.0
3.14159,8.269999999999868,3.14159,0.0
3.14159,8.279999999999868,3.14159,0.0
3.14159,8.289999999999868,3.14159,0.0
3.14159,8.299999999999867,3.14159,0.0
3.14159,8.309999999999867,3.14159,0.0
3.14159,8.319999999999867,3.14159,0.0
3.14159,8.329999999999867,3.14159,0.0
3.14159,8.339999999999867,3.14159,0.0
3.14159,8.349999999999866,3.14159,0.0
3.14159,8.359999999999866,3.14159,0.0
3.14159,8.369999999999866,3.14159,0.0
3.14159,8.379999999999866,3.14159,0.0
3.14159,8.389999999999866,3.14159,0.0
3.14159,8.399999999999865,3.14159,0.0
3.14159,8.409999999999865,3.14159,0.0
3.14159,8.419999999999865,3.14159,0.0
3.14159,8.429999999999865,3.14159,0.0
3.14159,8.439999999999864,3.14159,0.0
3.14159,8.449999999999864,3.14159,0.0
3.14159,8.459999999999864,3.14159,0.0
3.14159,8.469999999999864,3.14159,0.0
3.14159,8.479999999999864,3.14159,0.0
3.14159,8.489999999999863,3.14159,0.0
3.14159,8.499999999999863,3.14159,0.0
3.14159,8.509999999999863,3.14159,0.0
3.14159,8.519999999999863,3.14159,0.0
3.14159,8.529999999999863,3.14159,0.0
3.14159,8.539999999999862,3.14159,0.0
3.14159,8.549999999999862,3.14159,0.0
3.14159,8.559999999999862,3.14159,0.0
3.14159,8.569999999999862,3.14159,0.0
3.14159,8.579999999999862,3.14159,0.0
3.14159,8.589999999999861,3.14159,0.0
3.14159,8.599999999999861,3.14159,0.0
3.14159,8.60999999999986,3.14159,0.0
3.14159,8.61999999999986,3.14159,0.0
3.14159,8.62999999999986,3.14159,0.0
3.14159,8.63999999999986,3.14159,0.0
3.14159,8.64999999999986,3.14159,0.0
3.14159,8.65999999999986,3.14159,0.0
3.14159,8.66999999999986,3.14159,0.0
3.14159,8.67999999999986,3.14159,0.0
3.14159,8.68999999999986,3.14159,0.0
3.14159,8.699999999999859,3.14159,0.0
3.14159,8.709999999999859,3.14159,0.0
3.14159,8.719999999999859,3.14159,0.0
3.14159,8.729999999999858,3.14159,0.0
3.14159,8.739999999999858,3.14159,0.0
3.14159,8.749999999999858,3.14159,0.0
3.14159,8.759999999999858,3.14159,0.0
3.14159,8.769999999999857,3.14159,0.0
3.14159,8.779999999999857,3.14159,0.0
3.14159,8.789999999999857,3.14159,0.0
3.14159,8.799999999999857,3.14159,0.0
3.14159,8.809999999999857,3.14159,0.0
3.14159,8.819999999999856,3.14159,0.0
3.14159,8.829999999999856,3.14159,0.0
3.14159,8.839999999999856,3.14159,0.0
3.14159,8.849999999999856,3.14159,0.0
3.14159,8.859999999999856,3.14159,0.0
3.14159,8.869999999999855,3.14159,0.0
3.14159,8.879999999999855,3.14159,0.0
3.14159,8.889999999999855,3.14159,0.0
3.14159,8.899999999999855,3.14159,0.0
3.14159,8.909999999999854,3.14159,0.0
3.14159,8.919999999999854,3.14159,0.0
3.14159,8.929999999999854,3.14159,0.0
3.14159,8.939999999999854,3.14159,0.0
3.14159,8.949999999999854,3.14159,0.0
3.14159,8.959999999999853,3.14159,0.0
3.14159,8.969999999999853,3.14159,0.0
3.14159,8.979999999999853,3.14159,0.0
3.14159,8.989999999999853,3.14159,0.0
3.14159,8.999999999999853,3.14159,0.0
3.14159,9.009999999999852,3.14159,0.0
3.14159,9.019999999999852,3.14159,0.0
3.14159,9.029999999999852,3.14159,0.0
3.14159,9.039999999999852,3.14159,0.0
3.14159,9.049999999999851,3.14159,0.0
3.14159,9.059999999999851,3.14159,0.0
3.14159,9.069999999999851,3.14159,0.0
3.14159,9.07999999999985,3.14159,0.0
3.14159,9.08999999999985,3.14159,0.0
3.14159,9.09999999999985,3.14159,0.0
3.14159,9.10999999999985,3.14159,0.0
3.14159,9.11999999999985,3.14159,0.0
3.14159,9.12999999999985,3.14159,0.0
3.14159,9.13999999999985,3.14159,0.0
3.14159,9.14999999999985,3.14159,0.0
3.14159,9.15999999999985,3.14159,0.0
3.14159,9.169999999999849,3.14159,0.0
3.14159,9.179999999999849,3.14159,0.0
3.14159,9.189999999999849,3.14159,0.0
3.14159,9.199999999999848,3.14159,0.0
3.14159,9.209999999999848,3.14159,0.0
3.14159,9.219999999999848,3.14159,0.0
3.14159,9.229999999999848,3.14159,0.0
3.14159,9.239999999999847,3.14159,0.0
3.14159,9.249999999999847,3.14159,0.0
3.14159,9.259999999999847,3.14159,0.0
3.14159,9.269999999999847,3.14159,0.0
3.14159,9.279999999999847,3.14159,0.0
3.14159,9.289999999999846,3.14159,0.0
3.14159,9.299999999999846,3.14159,0.0
3.14159,9.309999999999846,3.14159,0.0
3.14159,9.319999999999846,3.14159,0.0
3.14159,9.329999999999846,3.14159,0.0
3.14159,9.339999999999845,3.14159,0.0
3.14159,9.349999999999845,3.14159,0.0
3.14159,9.359999999999845,3.14159,0.0
3.14159,9.369999999999845,3.14159,0.0
3.14159,9.379999999999844,3.14159,0.0
3.14159,9.389999999999844,3.14159,0.0
3.14159,9.399999999999844,3.14159,0.0
3.14159,9.409999999999844,3.14159,0.0
3.14159,9.419999999999844,3.14159,0.0
3.14159,9.429999999999843,3.14159,0.0
3.14159,9.439999999999843,3.14159,0.0
3.14159,9.449999999999843,3.14159,0.0
3.14159,9.459999999999843,3.14159,0.0
3.14159,9.469999999999843,3.14159,0.0
3.14159,9.479999999999842,3.14159,0.0
3.14159,9.489999999999842,3.14159,0.0
3.14159,9.499999999999842,3.14159,0.0
3.14159,9.509999999999842,3.14159,0.0
3.14159,9.519999999999841,3.14159,0.0
3.14159,9.529999999999841,3.14159,0.0
3.14159,9.539999999999841,3.14159,0.0
3.14159,9.54999999999984,3.14159,0.0
3.14159,9.55999999999984,3.14159,0.0
3.14159,9.56999999999984,3.14159,0.0
3.14159,9.57999999999984,3.14159,0.0
3.14159,9.58999999999984,3.14159,0.0
3.14159,9.59999999999984,3.14159,0.0
3.14159,9.60999999999984,3.14159,0.0
3.14159,9.61999999999984,3.14159,0.0
3.14159,9.62999999999984,3.14159,0.0
3.14159,9.639999999999839,3.14159,0.0
3.14159,9.649999999999839,3.14159,0.0
3.14159,9.659999999999838,3.14159,0.0
3.14159,9.669999999999838,3.14159,0.0
3.14159,9.679999999999838,3.14159,0.0
3.14159,9.689999999999838,3.14159,0.0
3.14159,9.699999999999838,3.14159,0.0
3.14159,9.709999999999837,3.14159,0.0
3.14159,9.719999999999837,3.14159,0.0
3.14159,9.729999999999837,3.14159,0.0
3.14159,9.739999999999837,3.14159,0.0
3.14159,9.749999999999837,3.14159,0.0
3.14159,9.759999999999836,3.14159,0.0
3.14159,9.769999999999836,3.14159,0.0
3.14159,9.779999999999836,3.14159,0.0
3.14159,9.789999999999836,3.14159,0.0
3.14159,9.799999999999836,3.14159,0.0
3.14159,9.809999999999835,3.14159,0.0
3.14159,9.819999999999835,3.14159,0.0
3.14159,9.829999999999835,3.14159,0.0
3.14159,9.839999999999835,3.14159,0.0
3.14159,9.849999999999834,3.14159,0.0
3.14159,9.859999999999834,3.14159,0.0
3.14159,9.869999999999834,3.14159,0.0
3.14159,9.879999999999834,3.14159,0.0
3.14159,9.889999999999834,3.14159,0.0
3.14159,9.899999999999833,3.14159,0.0
3.14159,9.909999999999833,3.14159,0.0
3.14159,9.919999999999833,3.14159,0.0
3.14159,9.929999999999833,3.14159,0.0
3.14159,9.939999999999833,3.14159,0.0
3.14159,9.949999999999832,3.14159,0.0
3.14159,9.959999999999832,3.14159,0.0
3.14159,9.969999999999832,3.14159,0.0
3.14159,9.979999999999832,3.14159,0.0
3.14159,9.989999999999831,3.14159,0.0
3.14159,9.999999999999831,3.14159,0.0
3.14159,10.009999999999831,3.14159,0.0
